0.188, 2026/10/10 15:06:28.538, 1369, 1, 247, 810, 40.10, 37
1.237, 2026/10/10 15:06:29.586, 1369, 1, 180, 810, 41.49, 37
2.290, 2026/10/10 15:06:30.639, 1369, 0, 210, 810, 39.72, 37
3.353, 2026/10/10 15:06:31.702, 1900, 0, 2430, 13801, 65.65, 38
4.392, 2026/10/10 15:06:32.740, 8920, 2, 2430, 13801, 79.04, 38
5.442, 2026/10/10 15:06:33.791, 8920, 3, 2422, 13801, 78.69, 38
6.494, 2026/10/10 15:06:34.842, 8920, 2, 2415, 13801, 78.56, 38
7.534, 2026/10/10 15:06:35.882, 8920, 1, 2430, 13801, 78.66, 38
8.584, 2026/10/10 15:06:36.932, 8920, 1, 2430, 13801, 78.23, 38
9.627, 2026/10/10 15:06:37.975, 8920, 3, 682, 7001, 67.23, 38
10.672, 2026/10/10 15:06:39.020, 8920, 2, 382, 7001, 57.17, 38
11.736, 2026/10/10 15:06:40.085, 8920, 2, 367, 7001, 56.81, 37
12.783, 2026/10/10 15:06:41.131, 8920, 2, 405, 7001, 56.84, 37
13.830, 2026/10/10 15:06:42.179, 8920, 3, 292, 7001, 56.63, 37
14.878, 2026/10/10 15:06:43.226, 10948, 2, 345, 7001, 56.92, 37
15.925, 2026/10/10 15:06:44.274, 10948, 2, 232, 7001, 55.65, 37
16.962, 2026/10/10 15:06:45.310, 10948, 0, 330, 7001, 55.54, 37
18.017, 2026/10/10 15:06:46.365, 10948, 1, 292, 7001, 55.36, 37
19.063, 2026/10/10 15:06:47.413, 10948, 2, 225, 7001, 55.62, 37
20.142, 2026/10/10 15:06:48.491, 10948, 0, 202, 7001, 55.10, 37
21.232, 2026/10/10 15:06:49.554, 10948, 6, 405, 7001, 56.05, 37
22.311, 2026/10/10 15:06:50.647, 10948, 6, 420, 7001, 56.41, 37
23.362, 2026/10/10 15:06:51.710, 10948, 1, 187, 7001, 56.01, 37
24.413, 2026/10/10 15:06:52.762, 10948, 0, 210, 7001, 55.26, 37
25.473, 2026/10/10 15:06:53.820, 10948, 0, 277, 810, 51.26, 37
26.535, 2026/10/10 15:06:54.883, 10948, 0, 277, 810, 41.53, 37
27.597, 2026/10/10 15:06:55.945, 10948, 1, 195, 810, 40.59, 37
28.661, 2026/10/10 15:06:57.008, 10948, 0, 195, 810, 40.20, 37
29.705, 2026/10/10 15:06:58.054, 10948, 0, 345, 810, 41.97, 37
30.768, 2026/10/10 15:06:59.117, 10948, 1, 277, 810, 42.20, 37
31.831, 2026/10/10 15:07:00.179, 10948, 1, 225, 810, 41.27, 37
32.896, 2026/10/10 15:07:01.240, 10948, 0, 195, 810, 39.69, 37
33.955, 2026/10/10 15:07:02.303, 10948, 0, 345, 810, 37.49, 37
34.999, 2026/10/10 15:07:03.345, 10948, 1, 412, 810, 37.58, 37
36.065, 2026/10/10 15:07:04.413, 10948, 1, 337, 810, 36.59, 37
37.096, 2026/10/10 15:07:05.444, 10948, 0, 187, 810, 36.43, 37
38.160, 2026/10/10 15:07:06.507, 10948, 0, 255, 810, 40.87, 37
39.221, 2026/10/10 15:07:07.569, 10948, 0, 360, 810, 41.18, 37
40.267, 2026/10/10 15:07:08.616, 10948, 1, 270, 810, 40.45, 37
41.341, 2026/10/10 15:07:09.689, 10948, 0, 210, 810, 38.87, 37
42.394, 2026/10/10 15:07:10.742, 10948, 0, 255, 810, 41.25, 37
43.455, 2026/10/10 15:07:11.803, 10948, 1, 330, 810, 42.41, 37
44.520, 2026/10/10 15:07:12.868, 10948, 1, 255, 810, 40.67, 37
45.574, 2026/10/10 15:07:13.913, 14028, 1, 180, 810, 39.35, 37
46.612, 2026/10/10 15:07:14.961, 26164, 43, 345, 810, 43.58, 36
47.655, 2026/10/10 15:07:16.005, 26304, 1, 2790, 13801, 91.46, 38
48.704, 2026/10/10 15:07:17.054, 26326, 1, 2790, 13801, 95.14, 38
49.767, 2026/10/10 15:07:18.116, 26344, 1, 885, 7001, 66.98, 37
50.844, 2026/10/10 15:07:19.194, 26362, 0, 870, 7001, 61.22, 37
51.891, 2026/10/10 15:07:20.240, 26390, 0, 705, 7001, 59.69, 37
52.939, 2026/10/10 15:07:21.288, 26416, 1, 735, 7001, 60.57, 37
53.986, 2026/10/10 15:07:22.335, 26444, 2, 390, 7001, 59.60, 37
55.032, 2026/10/10 15:07:23.381, 30798, 0, 472, 7001, 59.87, 37
56.079, 2026/10/10 15:07:24.428, 30846, 99, 2722, 13801, 227.33, 49
57.127, 2026/10/10 15:07:25.476, 30862, 99, 2707, 13801, 447.54, 52
58.195, 2026/10/10 15:07:26.540, 31206, 99, 2662, 13801, 246.24, 47
59.253, 2026/10/10 15:07:27.600, 31206, 99, 2655, 13801, 330.95, 48
60.283, 2026/10/10 15:07:28.631, 9764, 2, 2790, 13801, 232.92, 42
61.360, 2026/10/10 15:07:29.694, 3604, 2, 2790, 13801, 96.54, 41
62.407, 2026/10/10 15:07:30.756, 3604, 2, 645, 7001, 73.64, 39
63.471, 2026/10/10 15:07:31.819, 3604, 0, 412, 7001, 56.74, 39
64.510, 2026/10/10 15:07:32.859, 1924, 0, 420, 7001, 56.92, 39
