0.097, 2026/10/10 13:16:59.640, 1398, 2, 630, 810, 52.26, 41
1.129, 2026/10/10 13:17:00.673, 1394, 2, 510, 810, 49.17, 40
2.163, 2026/10/10 13:17:01.706, 1387, 2, 375, 810, 48.12, 40
3.197, 2026/10/10 13:17:02.740, 1914, 3, 1387, 13801, 53.28, 41
4.251, 2026/10/10 13:17:03.794, 8937, 11, 2437, 13801, 79.79, 41
5.295, 2026/10/10 13:17:04.837, 8937, 2, 2437, 13801, 79.87, 41
6.329, 2026/10/10 13:17:05.872, 8937, 2, 2430, 13801, 79.50, 42
7.379, 2026/10/10 13:17:06.922, 8934, 2, 2430, 13801, 79.60, 42
8.426, 2026/10/10 13:17:07.968, 8937, 1, 2430, 13801, 79.76, 42
9.460, 2026/10/10 13:17:09.003, 8940, 2, 1792, 7001, 76.85, 41
10.497, 2026/10/10 13:17:10.040, 8940, 3, 697, 7001, 60.62, 41
11.554, 2026/10/10 13:17:11.097, 8939, 2, 540, 7001, 58.58, 41
12.598, 2026/10/10 13:17:12.141, 8937, 11, 502, 810, 54.53, 41
13.632, 2026/10/10 13:17:13.175, 8937, 13, 457, 810, 51.34, 40
14.666, 2026/10/10 13:17:14.209, 8936, 10, 465, 810, 50.48, 40
15.714, 2026/10/10 13:17:15.258, 15255, 44, 615, 7001, 54.24, 41
16.747, 2026/10/10 13:17:16.289, 15255, 5, 2482, 7001, 81.18, 42
17.796, 2026/10/10 13:17:17.338, 16783, 3, 1777, 7001, 75.52, 41
18.838, 2026/10/10 13:17:18.382, 16783, 15, 1140, 810, 55.89, 41
19.864, 2026/10/10 13:17:19.408, 16783, 2, 892, 810, 53.83, 41
20.903, 2026/10/10 13:17:20.446, 16783, 1, 645, 810, 50.60, 40
21.932, 2026/10/10 13:17:21.475, 16783, 1, 502, 810, 49.07, 40
22.978, 2026/10/10 13:17:22.522, 16783, 2, 442, 810, 49.14, 40
24.080, 2026/10/10 13:17:23.584, 16783, 2, 457, 810, 49.23, 40
25.128, 2026/10/10 13:17:24.664, 16783, 13, 442, 810, 50.08, 40
26.168, 2026/10/10 13:17:25.711, 16783, 13, 382, 810, 50.33, 40
27.206, 2026/10/10 13:17:26.749, 16780, 2, 427, 810, 49.07, 40
28.255, 2026/10/10 13:17:27.798, 16783, 1, 322, 810, 48.86, 40
29.295, 2026/10/10 13:17:28.838, 16783, 1, 315, 810, 47.68, 40
30.338, 2026/10/10 13:17:29.880, 16783, 1, 367, 810, 47.97, 40
31.380, 2026/10/10 13:17:30.922, 16780, 1, 367, 810, 48.61, 40
32.427, 2026/10/10 13:17:31.969, 16783, 1, 337, 810, 48.74, 40
33.468, 2026/10/10 13:17:33.011, 16783, 1, 345, 810, 48.35, 40
34.528, 2026/10/10 13:17:34.070, 16783, 1, 345, 810, 49.11, 40
35.586, 2026/10/10 13:17:35.129, 16783, 1, 330, 810, 48.17, 40
36.633, 2026/10/10 13:17:36.175, 16783, 1, 322, 810, 48.10, 40
37.680, 2026/10/10 13:17:37.221, 16783, 1, 330, 810, 48.34, 40
38.728, 2026/10/10 13:17:38.269, 16783, 1, 382, 810, 48.51, 40
39.780, 2026/10/10 13:17:39.322, 16790, 2, 960, 810, 52.48, 40
40.827, 2026/10/10 13:17:40.369, 16792, 2, 562, 810, 51.90, 40
41.890, 2026/10/10 13:17:41.432, 16792, 2, 427, 810, 49.54, 40
42.934, 2026/10/10 13:17:42.476, 16783, 2, 382, 810, 48.19, 40
43.987, 2026/10/10 13:17:43.529, 16783, 2, 427, 810, 48.65, 40
45.029, 2026/10/10 13:17:44.571, 16783, 1, 397, 810, 48.57, 40
46.075, 2026/10/10 13:17:45.616, 16783, 1, 360, 810, 47.90, 40
47.118, 2026/10/10 13:17:46.660, 16779, 2, 397, 810, 48.45, 40
48.167, 2026/10/10 13:17:47.710, 16783, 2, 405, 810, 48.14, 40
49.222, 2026/10/10 13:17:48.761, 16783, 2, 457, 810, 48.51, 40
50.265, 2026/10/10 13:17:49.807, 16782, 1, 330, 810, 48.03, 40
51.308, 2026/10/10 13:17:50.841, 22092, 1, 337, 810, 48.42, 40
52.350, 2026/10/10 13:17:51.894, 25290, 1, 2790, 13801, 91.96, 41
53.432, 2026/10/10 13:17:52.975, 25314, 1, 2790, 13801, 94.19, 41
54.466, 2026/10/10 13:17:54.009, 25330, 1, 1275, 7001, 68.94, 40
55.525, 2026/10/10 13:17:55.068, 25354, 1, 855, 7001, 60.92, 40
56.563, 2026/10/10 13:17:56.106, 25378, 1, 712, 7001, 61.84, 40
57.617, 2026/10/10 13:17:57.160, 25408, 1, 832, 7001, 61.62, 40
58.654, 2026/10/10 13:17:58.197, 25432, 1, 690, 7001, 60.91, 40
59.696, 2026/10/10 13:17:59.240, 29775, 2, 750, 810, 56.17, 40
60.736, 2026/10/10 13:18:00.280, 29839, 99, 2647, 13801, 116.92, 51
61.778, 2026/10/10 13:18:01.322, 29839, 99, 2715, 13801, 442.91, 55
62.824, 2026/10/10 13:18:02.367, 30204, 99, 2752, 13801, 267.31, 48
63.875, 2026/10/10 13:18:03.417, 30207, 99, 2737, 13801, 216.92, 48
64.916, 2026/10/10 13:18:04.460, 30207, 99, 2730, 13801, 232.00, 48
65.979, 2026/10/10 13:18:05.503, 6279, 3, 2790, 13801, 167.80, 44
67.020, 2026/10/10 13:18:06.561, 6279, 2, 2790, 13801, 96.24, 44
68.053, 2026/10/10 13:18:07.595, 6279, 1, 727, 7001, 70.33, 42
69.091, 2026/10/10 13:18:08.634, 1385, 2, 517, 7001, 58.33, 42
