0.200, 2026/10/10 13:36:00.415, 1403, 1, 367, 7001, 56.58, 41
1.247, 2026/10/10 13:36:01.460, 1403, 1, 322, 7001, 55.01, 41
2.277, 2026/10/10 13:36:02.491, 1402, 1, 292, 7001, 54.83, 41
3.316, 2026/10/10 13:36:03.530, 1930, 1, 1012, 13801, 60.92, 42
4.354, 2026/10/10 13:36:04.568, 8954, 1, 2430, 13801, 78.37, 42
5.412, 2026/10/10 13:36:05.625, 8954, 3, 2430, 13801, 80.27, 42
6.452, 2026/10/10 13:36:06.666, 8954, 3, 2430, 13801, 78.91, 42
7.493, 2026/10/10 13:36:07.707, 8945, 3, 2437, 13801, 79.52, 42
8.544, 2026/10/10 13:36:08.758, 8954, 3, 2437, 13801, 79.08, 42
9.580, 2026/10/10 13:36:09.794, 8954, 2, 2430, 7001, 78.96, 42
10.625, 2026/10/10 13:36:10.838, 8953, 3, 705, 7001, 59.10, 41
11.667, 2026/10/10 13:36:11.881, 8954, 3, 592, 7001, 58.03, 41
12.708, 2026/10/10 13:36:12.923, 8954, 11, 510, 810, 56.19, 41
13.746, 2026/10/10 13:36:13.960, 8954, 13, 532, 810, 50.47, 41
14.781, 2026/10/10 13:36:14.996, 9548, 12, 502, 810, 50.09, 41
15.818, 2026/10/10 13:36:16.033, 12344, 47, 1545, 810, 54.55, 41
16.861, 2026/10/10 13:36:17.076, 12344, 5, 2535, 7001, 84.82, 42
17.912, 2026/10/10 13:36:18.125, 13628, 4, 1365, 7001, 78.54, 42
18.953, 2026/10/10 13:36:19.168, 13628, 4, 922, 7001, 59.32, 41
20.008, 2026/10/10 13:36:20.222, 13628, 1, 592, 7001, 57.81, 41
21.044, 2026/10/10 13:36:21.259, 13628, 2, 450, 810, 53.98, 41
22.083, 2026/10/10 13:36:22.298, 13619, 2, 390, 810, 48.85, 41
23.122, 2026/10/10 13:36:23.337, 13619, 1, 337, 810, 48.47, 41
24.201, 2026/10/10 13:36:24.392, 13624, 10, 187, 810, 46.98, 41
25.281, 2026/10/10 13:36:25.477, 13625, 10, 202, 810, 38.05, 40
26.329, 2026/10/10 13:36:26.542, 13628, 2, 472, 810, 37.51, 40
27.382, 2026/10/10 13:36:27.596, 13628, 2, 427, 810, 41.06, 40
28.437, 2026/10/10 13:36:28.648, 13628, 2, 495, 810, 41.33, 40
29.482, 2026/10/10 13:36:29.694, 13628, 4, 510, 810, 41.42, 40
30.527, 2026/10/10 13:36:30.741, 13628, 3, 532, 810, 41.48, 40
31.583, 2026/10/10 13:36:31.794, 13625, 2, 495, 810, 40.25, 40
32.628, 2026/10/10 13:36:32.842, 13628, 2, 487, 810, 40.34, 40
33.667, 2026/10/10 13:36:33.881, 13628, 1, 495, 810, 40.39, 40
34.725, 2026/10/10 13:36:34.939, 13629, 2, 652, 810, 43.98, 40
35.763, 2026/10/10 13:36:35.977, 13630, 2, 547, 810, 41.74, 40
36.810, 2026/10/10 13:36:37.023, 13628, 2, 517, 810, 41.58, 40
37.860, 2026/10/10 13:36:38.074, 13628, 2, 510, 810, 41.15, 40
38.912, 2026/10/10 13:36:39.125, 13628, 2, 517, 810, 40.65, 40
39.958, 2026/10/10 13:36:40.171, 13628, 1, 405, 810, 43.79, 40
41.008, 2026/10/10 13:36:41.221, 13628, 1, 307, 810, 45.95, 40
42.055, 2026/10/10 13:36:42.268, 13628, 1, 352, 810, 46.23, 40
43.096, 2026/10/10 13:36:43.310, 13627, 1, 367, 810, 47.20, 40
44.130, 2026/10/10 13:36:44.344, 13630, 6, 967, 810, 48.18, 40
45.172, 2026/10/10 13:36:45.385, 13630, 2, 397, 810, 48.09, 40
46.232, 2026/10/10 13:36:46.445, 13630, 3, 412, 810, 46.55, 40
47.286, 2026/10/10 13:36:47.494, 18559, 2, 390, 810, 46.42, 40
48.329, 2026/10/10 13:36:48.544, 26309, 88, 2587, 13801, 71.52, 41
49.374, 2026/10/10 13:36:49.588, 26350, 2, 2790, 13801, 95.02, 41
50.420, 2026/10/10 13:36:50.635, 26370, 2, 2497, 7001, 92.83, 42
51.463, 2026/10/10 13:36:51.677, 26392, 2, 1005, 7001, 64.57, 41
52.493, 2026/10/10 13:36:52.708, 26414, 2, 892, 7001, 62.49, 40
53.529, 2026/10/10 13:36:53.745, 26442, 2, 975, 7001, 61.17, 40
54.579, 2026/10/10 13:36:54.794, 26463, 2, 712, 810, 57.50, 40
55.614, 2026/10/10 13:36:55.829, 26490, 2, 825, 810, 54.84, 40
56.653, 2026/10/10 13:36:56.867, 30882, 1, 2527, 13801, 70.18, 41
57.692, 2026/10/10 13:36:57.906, 30882, 99, 2715, 13801, 421.59, 55
58.725, 2026/10/10 13:36:58.938, 31241, 97, 2730, 13801, 419.84, 52
59.785, 2026/10/10 13:36:59.996, 31244, 99, 2715, 13801, 220.05, 49
60.826, 2026/10/10 13:37:01.040, 11174, 2, 2760, 13801, 267.67, 47
61.905, 2026/10/10 13:37:02.094, 6292, 3, 2790, 13801, 97.31, 44
62.948, 2026/10/10 13:37:03.161, 6292, 1, 840, 7001, 85.37, 43
63.980, 2026/10/10 13:37:04.194, 6291, 1, 517, 7001, 57.71, 42
65.010, 2026/10/10 13:37:05.225, 1950, 2, 532, 7001, 57.20, 42
