0.130, 2026/10/10 15:20:01.642, 1458, 0, 300, 7001, 56.56, 41
1.181, 2026/10/10 15:20:02.778, 1458, 0, 180, 7001, 55.59, 41
2.219, 2026/10/10 15:20:03.817, 1458, 0, 180, 7001, 55.79, 41
3.260, 2026/10/10 15:20:04.856, 1989, 0, 2415, 13801, 68.08, 41
4.298, 2026/10/10 15:20:05.895, 9009, 59, 2407, 13801, 78.67, 42
5.351, 2026/10/10 15:20:06.947, 9009, 1, 2415, 13801, 78.62, 42
6.389, 2026/10/10 15:20:07.985, 9009, 1, 2415, 13801, 78.50, 42
7.440, 2026/10/10 15:20:09.037, 9009, 1, 2415, 13801, 78.46, 42
8.491, 2026/10/10 15:20:10.088, 9009, 1, 2415, 13801, 78.37, 42
9.528, 2026/10/10 15:20:11.125, 9009, 2, 2415, 13801, 78.36, 41
10.581, 2026/10/10 15:20:12.178, 9009, 2, 480, 7001, 57.42, 41
11.635, 2026/10/10 15:20:13.230, 9009, 1, 322, 7001, 56.78, 40
12.681, 2026/10/10 15:20:14.278, 9009, 1, 232, 7001, 56.47, 40
13.731, 2026/10/10 15:20:15.328, 9009, 1, 240, 7001, 56.51, 40
14.778, 2026/10/10 15:20:16.375, 12399, 3, 1837, 7001, 60.38, 41
15.823, 2026/10/10 15:20:17.420, 12399, 3, 2407, 7001, 81.71, 41
16.860, 2026/10/10 15:20:18.457, 13683, 2, 705, 7001, 72.77, 41
17.904, 2026/10/10 15:20:19.501, 13683, 1, 465, 7001, 56.59, 40
18.945, 2026/10/10 15:20:20.542, 13683, 0, 292, 7001, 55.77, 40
19.988, 2026/10/10 15:20:21.585, 13683, 0, 195, 7001, 55.62, 40
21.025, 2026/10/10 15:20:22.622, 13683, 0, 187, 7001, 55.49, 40
22.078, 2026/10/10 15:20:23.675, 13683, 0, 180, 7001, 55.68, 40
23.152, 2026/10/10 15:20:24.713, 13683, 5, 180, 7001, 55.61, 40
24.208, 2026/10/10 15:20:25.788, 13683, 6, 180, 7001, 55.83, 40
25.271, 2026/10/10 15:20:26.867, 13683, 0, 180, 7001, 55.80, 40
26.335, 2026/10/10 15:20:27.930, 13683, 0, 187, 7001, 55.14, 40
27.384, 2026/10/10 15:20:28.981, 13683, 0, 187, 7001, 54.90, 40
28.450, 2026/10/10 15:20:30.046, 13683, 0, 187, 7001, 54.78, 40
29.515, 2026/10/10 15:20:31.111, 13683, 0, 187, 7001, 54.94, 40
30.575, 2026/10/10 15:20:32.171, 13683, 0, 172, 810, 54.64, 39
31.637, 2026/10/10 15:20:33.232, 13683, 0, 180, 810, 37.25, 39
32.697, 2026/10/10 15:20:34.293, 13683, 0, 180, 810, 36.52, 39
33.741, 2026/10/10 15:20:35.338, 13683, 0, 187, 810, 35.86, 39
34.789, 2026/10/10 15:20:36.384, 13683, 0, 187, 810, 37.01, 39
35.852, 2026/10/10 15:20:37.448, 13683, 0, 202, 810, 35.90, 39
36.897, 2026/10/10 15:20:38.494, 13683, 0, 202, 810, 35.94, 39
37.964, 2026/10/10 15:20:39.560, 13683, 0, 187, 810, 34.77, 39
39.029, 2026/10/10 15:20:40.623, 13683, 0, 180, 810, 34.31, 39
40.089, 2026/10/10 15:20:41.683, 13683, 0, 180, 810, 34.26, 39
41.151, 2026/10/10 15:20:42.745, 13683, 0, 180, 810, 34.24, 39
42.211, 2026/10/10 15:20:43.807, 13683, 0, 180, 810, 34.31, 39
43.278, 2026/10/10 15:20:44.872, 13683, 0, 180, 810, 34.12, 39
44.337, 2026/10/10 15:20:45.933, 13683, 0, 187, 810, 34.37, 39
45.387, 2026/10/10 15:20:46.975, 18165, 13, 187, 810, 34.57, 38
46.426, 2026/10/10 15:20:48.023, 26249, 35, 195, 810, 38.36, 38
47.469, 2026/10/10 15:20:49.066, 26401, 0, 2790, 13801, 89.51, 40
48.518, 2026/10/10 15:20:50.115, 26420, 0, 2790, 13801, 94.92, 40
49.586, 2026/10/10 15:20:51.183, 26433, 0, 757, 7001, 61.94, 39
50.623, 2026/10/10 15:20:52.221, 26434, 0, 765, 7001, 60.80, 39
51.671, 2026/10/10 15:20:53.268, 26452, 0, 570, 7001, 59.97, 39
52.715, 2026/10/10 15:20:54.313, 26491, 0, 525, 7001, 58.32, 39
53.768, 2026/10/10 15:20:55.365, 30837, 0, 870, 7001, 59.23, 39
54.820, 2026/10/10 15:20:56.417, 30901, 99, 2572, 13801, 111.56, 46
55.873, 2026/10/10 15:20:57.471, 30901, 99, 2707, 13801, 450.40, 53
56.945, 2026/10/10 15:20:58.539, 31269, 36, 2782, 13801, 355.56, 45
58.128, 2026/10/10 15:20:59.720, 31269, 100, 2790, 13801, 214.98, 44
59.167, 2026/10/10 15:21:00.764, 7503, 2, 2790, 13801, 170.42, 43
60.219, 2026/10/10 15:21:01.816, 6313, 1, 2790, 13801, 96.95, 42
61.262, 2026/10/10 15:21:02.859, 6313, 0, 540, 7001, 69.62, 41
62.302, 2026/10/10 15:21:03.899, 6313, 0, 352, 7001, 56.46, 40
63.343, 2026/10/10 15:21:04.940, 2109, 0, 225, 7001, 56.06, 40
